{"cameraMode":{"drawMode":0,"name":"Shaded","section":"Shading Mode"},"sceneLighting":true,"audioPlay":false,"sceneViewState":{"m_AlwaysRefresh":false,"showFog":true,"showSkybox":true,"showFlares":true,"showImageEffects":true,"showParticleSystems":true,"showVisualEffectGraphs":true,"m_FxEnabled":false},"in2DMode":false,"pivot":{"x":-6.114631175994873,"y":0.07462441176176071,"z":-4.409672260284424},"rotation":{"x":0.2676284909248352,"y":-0.08297646790742874,"z":0.013755502179265023,"w":0.9619075655937195},"size":1.1048083305358887,"orthographic":false}