{"cameraMode":{"drawMode":0,"name":"Shaded","section":"Shading Mode"},"sceneLighting":false,"audioPlay":false,"sceneViewState":{"m_AlwaysRefresh":false,"showFog":true,"showSkybox":true,"showFlares":true,"showImageEffects":true,"showParticleSystems":true,"showVisualEffectGraphs":true,"m_FxEnabled":false},"in2DMode":false,"pivot":{"x":-0.6672230958938599,"y":-0.44359293580055239,"z":-1.260496973991394},"rotation":{"x":-0.13727030158042909,"y":0.23095959424972535,"z":-0.03105262853205204,"w":-0.9640982151031494},"size":2.666491985321045,"orthographic":false}