{"cameraMode":{"drawMode":0,"name":"Shaded","section":"Shading Mode"},"sceneLighting":true,"audioPlay":false,"sceneViewState":{"m_AlwaysRefresh":false,"showFog":true,"showSkybox":true,"showFlares":true,"showImageEffects":true,"showParticleSystems":true,"showVisualEffectGraphs":true,"m_FxEnabled":false},"in2DMode":false,"pivot":{"x":-1.0265681743621827,"y":0.6933295726776123,"z":-2.3523409366607668},"rotation":{"x":-0.04637890309095383,"y":-0.5584331154823303,"z":0.04190162941813469,"w":-0.8293479681015015},"size":0.3549425005912781,"orthographic":false}