{"cameraMode":{"drawMode":0,"name":"Shaded","section":"Shading Mode"},"sceneLighting":true,"audioPlay":false,"sceneViewState":{"m_AlwaysRefresh":false,"showFog":true,"showSkybox":true,"showFlares":true,"showImageEffects":true,"showParticleSystems":true,"showVisualEffectGraphs":true,"m_FxEnabled":false},"in2DMode":false,"pivot":{"x":-1.6816846132278443,"y":0.7791773080825806,"z":-0.5547741055488586},"rotation":{"x":-0.0487518347799778,"y":0.02849981002509594,"z":0.0012626765528693796,"w":-1.0004801750183106},"size":1.4090622663497925,"orthographic":false}